 name_product,price_INR,shipping_from
Nikon Coolpix P1000 16MP 4K Digital Camera with 125x Optical Zoom - Brand New,INR 57,240.69,From United States
Nikon COOLPIX B500 16MP Digital Camera (Black) + 16GB Deluxe Accessory Bundle!,INR 16,548.28,From United States
Nikon COOLPIX P7800 12.2MP Digital Camera - Black,INR 13,102.76,From United States
Nikon D5600 Black DSLR Camera w/ 18-55mm VR + 70-300mm + 32GB Top Value Bundle,INR 46,203.45,From United States
Atmel Atmos 2M60 CMOS monochrome camera 1920x1080 60fps,INR 11,931.03,From United States
Nikon D3500 Digital SLR Camera w AF-P DX NIKKOR 18-55mm f/3.5-5.6G VR Lens Black,INR 26,203.45,From United States
Canon EOS Rebel T6 DSLR Camera + 18-55mm +75-300mm+ 500mm Long + 64GB Card + Acc,INR 37,237.93,From United States
Nikon D5300 Digital SLR Camera + 3 Lens Kit 18-55mm + 32GB Amazing Value Bundle,INR 34,479.31,From United States
Nikon D810 36.3 MP FX-format Full HD 1080p Video  Digital SLR Camera Body,INR 113,789.66,From United States
Nikon D3400 Digital SLR Camera 3 Lens Kit 18-55 VR Lens + 32GB Best Value Bundle,INR 31,723.45,From United States
Samsung Smart Camera DV300F 16.0MP Digital Camera - Black,INR 10,344.14,From United States
Nikon D3500 Digital SLR Camera Black +3 Lens 18-55mm VR Lens + 32GB Value Bundle,INR 31,031.03,From United States
Canon 80D DSLR Camera 9 Lens 18-55 STM +75-300 +500MM +32GB Best Value Bundle,INR 93,034.48,From United States
The LUCY Drawing Tool - Camera Lucida – Old Masters' Secret Artograph neolucida,INR 7,862.07,From United States
New ListingNikon D5100 16.2MP DSLR Camera - Black (w/ 55-200mm lens) 2 batteries manuals,INR 18,617.24,From United States
Canon EOS Rebel T7i DSLR Camera +18-55 +75-300 +500mm Lens Deluxe Accessory Kit,INR 68,896.55,From United States
Basler A101C industrial C-mount camera,INR 8,482.76,From United States
Olympus OM-D E-M10 Mark III Digital Camera w/14-42mm EZ Lens (Silver) EX++ #CR,INR 31,482.07,From United States
NIKON COOLPIX S9600 16.0MP 22x ZOOM DIGITAL CAMERA - BLACK,INR 13,792.41,From United States
Nikon D5600 Digital SLR Camera + 18-55mm VR + 70-300mm + 50mm 1.8 + 32gb Top Kit,INR 53,100.00,From United States
Sony Cyber-shot DSC-HX50V 20.4MP Digital Camera - Black,INR 6,895.86,From United States
Panasonic LUMIX DMC-SZ7 14.1MP Digital Camera - Black,INR 3,447.59,From United States
Kodak EasyShare Z612 6.1 MP Digital Camera - Silver,INR 13,792.41,From United States
Canon EOS Rebel T6i DSLR Camera + 3 Lens 18-55 STM +24GB KIT & More Brand New,INR 44,758.62,From United States
Canon EOS Rebel T7 Camera + 18-55mm & 75-300mm Lens + 96gb + Bag Tripod Bundle,INR 37,927.59,From United States
Nikon D850 Digital SLR Camera 3 Lens Kit: 50mm Lens + 64GB Top Value Bundle New,INR 206,893.10,From United States
Canon PowerShot SX730 HS Digital Camera (Black) - Brand New!,INR 26,137.93,From United States
New ListingKODAK PIXPRO Camera FZ53 Compact Digital 16MP 5X Optical Zoom HD 720p Video,INR 2,068.97,From United States
Canon PowerShot ELPH 360 HS Digital Camera (Black) + Complete Accessory Bundle,INR 14,413.79,From United States
Nikon Coolpix L810 16.1MP Digital Camera BLUE EDITION,INR 17,240.69,From United States
Nikon COOLPIX L120 14.1MP Digital Camera - Black ,INR 8,964.83,From United States
Canon PowerShot SX710 HS 20.3MP Digital Camera - Black,INR 8,275.17,From United States
Brite Strike Technologies Duty Light Camera Rechargeable, 310 : DLC-4-MIL-RC,INR 26,551.72,From United States
Canon SL2 Digital Camera + 18-55mm IS + 75-300mm + 500mm + Top Accessory Bundle,INR 56,548.28,From United States
Nikon D3300 Camera with Nikon 18-55mm Lens (Package),INR 22,862.07,From United States
Fujifilm FinePix JX665 16 MP 5x Optical Zoom Digital Camera BLUE,INR 10,344.14,From United States
Canon PowerShot ELPH 190 IS (Blue) Digital Camera,INR 10,344.14,From United States
Canon POWERSHOT A1200 12.1MP Digital Camera BLACK Power Shot,INR 3,792.41,From United States
Digital Camera, Samsung WB210, 14 MegaPixel, 12 X Optical Zoom, Black,INR 12,413.79,From United States
New ListingNikon L105 12.1MP Digital Camera w/15x Optical Zoom  (Video filming),INR 5,513.79,From United States
Leica SL Typ 601 Mirrorless Digital Camera Body,INR 303,379.31,From United States
Canon PowerShot A550 7.1MP Digital Camera - Silver,INR 13,792.41,From United States
Nikon COOLPIX L120 14.1MP Digital Camera - Black,INR 12,757.93,From United States
Nikon D3400 Digital Camera + 18-55mm +70-300mm VR +Complete Top Accessory Bundle,INR 38,617.24,From United States
Nikon KeyMission 360 4K Action Camera Still/Video                           #804,INR 16,001.38,From United States
Canon EOS M50 Mirrorless Camera + EF-M 15-45mm & 55-200mm Lenses + 64GB + More!,INR 63,444.83,From United States
NEW LEGO 8MP Digital Camera by LEGO,INR 36,206.90,From United States
FUJIFILM FINEPIX V10 5.1MP DIGITAL CAMERA 3.4x Optical Zoom Orange Color CIB !,INR 6,895.86,From United States
Canon PowerShot SX620 HS 20.2MP Digital Black Camera with 25x Optical Zoom Lens,INR 11,240.69,From United States
Modified RageCams GoPro HD Hero6 Camera W/5.4mm Rectilinear Flat Lens Semi-Wide,INR 44,826.90,From United States
